{
  "nodes": {
    "downloader#2": {
      "contentWidth": 450,
      "rfNode": {
        "position": {
          "x": 243.38885095893713,
          "y": -246.62629486992304
        }
      }
    }
  }
}