{
  "nodes": {
    "downloader#1": {
      "contentWidth": 450,
      "rfNode": {
        "position": {
          "x": 225.00693825358167,
          "y": -280.3730776777093
        }
      }
    }
  }
}