{
  "nodes": {
    "downloader#2": {
      "contentWidth": 450,
      "rfNode": {
        "position": {
          "x": 145.53232140912593,
          "y": -41.82380551083233
        }
      }
    }
  }
}