{
  "nodes": {
    "downloader#1": {
      "contentWidth": 706.6907441696148,
      "rfNode": {
        "position": {
          "x": 108,
          "y": 0
        }
      }
    },
    "video-preview#2": {
      "contentWidth": 450,
      "rfNode": {
        "position": {
          "x": 934.4802780980037,
          "y": 40.314785192237764
        }
      }
    }
  }
}